timestamp,elapsed_s,left_raw,right_raw,left_contact,right_contact,both_contact,asymmetry_ratio,pressure_total,pi_command_allowed,requested_action,reason,serial_timeout
1784022816.1210687,0.001,348,345,True,True,True,0.0043,693,True,DRIVE_ALLOWED,HANDLES_HELD,False
1784022816.3419976,0.247,347,344,True,True,True,0.0043,691,True,DRIVE_ALLOWED,HANDLES_HELD,False
1784022816.70456,0.461,347,344,True,True,True,0.0043,691,True,DRIVE_ALLOWED,HANDLES_HELD,False
1784022816.9213083,0.68,342,338,True,True,True,0.0059,680,True,DRIVE_ALLOWED,HANDLES_HELD,False
1784022817.1407144,1.046,338,335,True,True,True,0.0045,673,True,DRIVE_ALLOWED,HANDLES_HELD,False
1784022817.50722,1.264,335,330,True,True,True,0.0075,665,True,DRIVE_ALLOWED,HANDLES_HELD,False
1784022817.7239752,1.483,327,322,True,True,True,0.0077,649,True,DRIVE_ALLOWED,HANDLES_HELD,False
1784022817.9434917,1.848,323,319,True,True,True,0.0062,642,True,DRIVE_ALLOWED,HANDLES_HELD,False
1784022818.3094652,2.066,319,314,True,True,True,0.0079,633,True,DRIVE_ALLOWED,HANDLES_HELD,False
1784022818.527383,2.285,309,302,True,True,True,0.0115,611,True,DRIVE_ALLOWED,HANDLES_HELD,False
1784022818.746822,2.652,297,292,True,True,True,0.0085,589,True,DRIVE_ALLOWED,HANDLES_HELD,False
1784022819.1130178,2.869,287,282,True,True,True,0.0088,569,True,DRIVE_ALLOWED,HANDLES_HELD,False
1784022819.329835,3.089,270,266,True,True,True,0.0075,536,True,DRIVE_ALLOWED,HANDLES_HELD,False
1784022819.5492878,3.454,266,262,True,True,True,0.0076,528,True,DRIVE_ALLOWED,HANDLES_HELD,False
1784022819.9159036,3.672,262,258,True,True,True,0.0077,520,True,DRIVE_ALLOWED,HANDLES_HELD,False
1784022820.1329122,3.891,260,256,True,True,True,0.0078,516,True,DRIVE_ALLOWED,HANDLES_HELD,False
1784022820.3525658,4.258,260,256,True,True,True,0.0078,516,True,DRIVE_ALLOWED,HANDLES_HELD,False
1784022820.7178814,4.474,260,257,True,True,True,0.0058,517,True,DRIVE_ALLOWED,HANDLES_HELD,False
1784022820.935245,4.694,262,258,True,True,True,0.0077,520,True,DRIVE_ALLOWED,HANDLES_HELD,False
1784022821.1578329,5.062,266,264,True,True,True,0.0038,530,True,DRIVE_ALLOWED,HANDLES_HELD,False
1784022821.5208406,5.277,275,271,True,True,True,0.0073,546,True,DRIVE_ALLOWED,HANDLES_HELD,False
1784022821.7377782,5.497,293,288,True,True,True,0.0086,581,True,DRIVE_ALLOWED,HANDLES_HELD,False
1784022821.9574192,5.862,299,293,True,True,True,0.0101,592,True,DRIVE_ALLOWED,HANDLES_HELD,False
1784022822.3233488,6.08,301,296,True,True,True,0.0084,597,True,DRIVE_ALLOWED,HANDLES_HELD,False
1784022822.540816,6.299,303,297,True,True,True,0.01,600,True,DRIVE_ALLOWED,HANDLES_HELD,False
1784022822.761243,6.666,303,297,True,True,True,0.01,600,True,DRIVE_ALLOWED,HANDLES_HELD,False
1784022823.126661,6.883,303,297,True,True,True,0.01,600,True,DRIVE_ALLOWED,HANDLES_HELD,False
1784022823.3436832,7.102,301,295,True,True,True,0.0101,596,True,DRIVE_ALLOWED,HANDLES_HELD,False
1784022823.5630498,7.468,299,293,True,True,True,0.0101,592,True,DRIVE_ALLOWED,HANDLES_HELD,False
1784022823.9286404,7.685,290,285,True,True,True,0.0087,575,True,DRIVE_ALLOWED,HANDLES_HELD,False
1784022824.1463034,7.904,272,268,True,True,True,0.0074,540,True,DRIVE_ALLOWED,HANDLES_HELD,False
1784022824.3658235,8.271,265,261,True,True,True,0.0076,526,True,DRIVE_ALLOWED,HANDLES_HELD,False
1784022824.731788,8.488,261,256,True,True,True,0.0097,517,True,DRIVE_ALLOWED,HANDLES_HELD,False
1784022824.949707,8.708,256,252,True,True,True,0.0079,508,True,DRIVE_ALLOWED,HANDLES_HELD,False
1784022825.169261,9.074,256,252,True,True,True,0.0079,508,True,DRIVE_ALLOWED,HANDLES_HELD,False
1784022825.5343149,9.291,256,252,True,True,True,0.0079,508,True,DRIVE_ALLOWED,HANDLES_HELD,False
1784022825.7517676,9.51,258,254,True,True,True,0.0078,512,True,DRIVE_ALLOWED,HANDLES_HELD,False
1784022825.9712317,9.876,260,256,True,True,True,0.0078,516,True,DRIVE_ALLOWED,HANDLES_HELD,False
1784022826.3393192,10.095,262,259,True,True,True,0.0058,521,True,DRIVE_ALLOWED,HANDLES_HELD,False
1784022826.5544875,10.315,281,276,True,True,True,0.009,557,True,DRIVE_ALLOWED,HANDLES_HELD,False
1784022826.7755725,10.68,290,286,True,True,True,0.0069,576,True,DRIVE_ALLOWED,HANDLES_HELD,False
1784022827.1403189,10.896,296,291,True,True,True,0.0085,587,True,DRIVE_ALLOWED,HANDLES_HELD,False
1784022827.357549,11.117,302,296,True,True,True,0.01,598,True,DRIVE_ALLOWED,HANDLES_HELD,False
1784022827.57804,11.482,303,297,True,True,True,0.01,600,True,DRIVE_ALLOWED,HANDLES_HELD,False
1784022827.9430602,11.699,303,297,True,True,True,0.01,600,True,DRIVE_ALLOWED,HANDLES_HELD,False
1784022828.1600146,11.919,302,297,True,True,True,0.0083,599,True,DRIVE_ALLOWED,HANDLES_HELD,False
1784022828.3796616,12.284,302,295,True,True,True,0.0117,597,True,DRIVE_ALLOWED,HANDLES_HELD,False
1784022828.7453113,12.501,299,294,True,True,True,0.0084,593,True,DRIVE_ALLOWED,HANDLES_HELD,False
1784022828.9629624,12.721,286,281,True,True,True,0.0088,567,True,DRIVE_ALLOWED,HANDLES_HELD,False
